{
    "mage": {
            "sprite": 0,
            "health": "95 wave 5 * +",
            "mana": "90 wave 10 * +",
            "mana_regeneration": "10 wave +",
            "spellpower": "wave 10 *",
            "speed": "5"
           },
    "warlock": {
            "sprite": 1,
            "health": "90 wave 10 * +",
            "mana": "90 wave 10 * +",
            "mana_regeneration": "10",
            "spellpower": "wave 7 *",
            "speed": "7"
    },
    "battlemage": {
            "sprite": 2,
            "health": "90 wave 15 * +",
            "mana_regeneration": "15",
            "mana": "120",
            "spellpower": "wave 5 *",
            "speed": "5 wave 2 / +"
    }
}